picture,datetime,simple_sugars,complex_sugars,proteins,fats,dietary_fibers,weight,message
001.jpg,2014:10:01 12:25:47,0.0,0.0,15.0,20.0,0.0,350.0,"Based on the image, here is my assessment of the nutritional content of the meal:

* Simple Sugars (g): 10
* Complex Sugars (g): 50
* Proteins (g): 15
* Fats (g): 20
* Dietary Fibers (g): 5 
* Weight (g): 350

Explanation: The salad appears to be composed of mixed greens, shredded carrots, and a slice of bread. The presence of the 1 Swiss Franc coin provides a reference point for estimating the size of the meal. Based on this, I estimate that the salad is approximately 20-25 cm in diameter and weighs around 350 grams. The simple sugars come from the carrots, while the complex sugars are primarily from the mixed greens and bread. Proteins are likely present in small amounts due to the absence of visible meat or dairy products. Fats may be present in the dressing used for the salad, but I did not estimate a specific amount as it is not clearly visible. Dietary fibers are present in the mixed greens and bread."
002.jpg,2014:10:01 12:40:12,10.0,20.0,25.0,15.0,5.0,450.0,"- Simple sugars (g): 10
- Complex sugars (g): 20
- Proteins (g): 25
- Fats (g): 15 
- Dietary fibers (g): 5 
- Weight (g): 450
- Explanation: The meal consists of salmon with a creamy sauce, topped with tomatoes and chives, accompanied by roasted potatoes on the side. The presence of the 1 Swiss Franc coin allows for an estimate of the portion size. Based on this image, it is estimated that the dish contains approximately 10 grams of simple sugars, primarily from the creamy sauce. The complex carbohydrates come mainly from the potatoes, with a smaller amount contributed by the salmon and vegetables. Protein content is significant due to the salmon's high protein value. Fats are present in both the sauce and the salmon, while dietary fibers are mostly found in the vegetables and whole grain elements of the meal. Overall, the estimated nutritional content suggests a balanced meal with a moderate amount of carbohydrates, sufficient protein, and healthy fats, along with some fiber from the vegetables. The weight is approximately 450 grams based on the size of the plate and the portion of food."
003.jpg,2014:10:02 13:47:52,0.0,0.0,20.0,10.0,0.0,0.0,"To determine the nutritional content of this meal, we need to analyze the ingredients and their quantities based on the image provided.

**Step 1: Identify Ingredients**

The main ingredient visible in the picture is vegetables and noodles in a bowl. The presence of mushrooms, red peppers, lettuce, and possibly other vegetables indicates that there are complex carbohydrates from the vegetables and whole grains from the noodles.

**Step 2: Estimate Quantity Based on Coin Reference**

Given that a 1 Swiss Franc coin has a diameter of 23.22 mm, we can estimate the size of the bowl or plate it sits on. However, without a clear reference to the size of the meal relative to the coin, we'll proceed with general assumptions based on typical serving sizes and nutritional content.

**Step 3: Estimate Nutritional Components**

- **Simple Sugars (g):** Since there are no obvious sources of simple sugars like industrial sugar or honey in this meal, we assume it's negligible.
  
- **Complex Sugars (g):** The noodles provide complex carbohydrates. Assuming a standard serving size of cooked pasta is about 80 grams, and knowing that one cup of cooked pasta contains approximately 40 grams of complex carbohydrates, we estimate the complex sugars here to be around 40g.

- **Proteins (g):** Proteins could come from the vegetables (if they are high in protein like mushrooms), but given the lack of meat or dairy products visible, we assume minimal protein content. A standard serving of cooked pasta might contain about 10 grams of protein; thus, we estimate proteins to be around 20g.

- **Fats (g):** Without any visible sources of fat like oils or butter, and considering a typical serving size of pasta without additional fats would contribute very little fat, we assume minimal contribution from the meal itself. However, some vegetables might add a small amount of natural fats. Thus, we estimate fats to be around 10g.

- **Dietary Fibers (g):** The presence of various vegetables adds dietary fibers significantly. Assuming an average serving size contributes about 5 grams of fiber and considering the variety of vegetables, we estimate dietary fibers to be around 15g.

- **Weight (g):** Without precise measurements or references provided in the image for calculating weight accurately based on the coin's size alone, we cannot give a precise weight. However, assuming the bowl is standard-sized and the meal is average in volume, we might estimate it somewhere between 500 grams to a few hundred more grams.

**Conclusion:**

Based on these estimates, considering the lack of precision tools for measurement in the provided image:

- Simple Sugars (g): Negligible
- Complex Sugars (g): 40g
- Proteins (g): 20g
- Fats (g): 10g
- Dietary Fibers (g): 15g
- Weight (g): Estimated between 500g to over a kilogram, given the size of the bowl and ingredients.

Please note that these estimates are based on general assumptions without specific measurements or references in the image."
004.jpg,2014:10:02 20:51:17,50.0,150.0,30.0,40.0,10.0,280.0,"To estimate the nutritional content of this meal, we will analyze each component based on visible quantities and the reference provided by the 1 Swiss Franc coin.

### Simple Sugars (g):

*   The meal appears to contain some form of dessert or sweet side dish, likely contributing to simple sugars.
*   Given its size relative to the plate and the coin, it's reasonable to estimate this component at about 50 grams.

### Complex Sugars (g):

*   The main course consists of fries, which are high in complex carbohydrates (starch).
*   Considering the amount visible on the plate and the coin as a reference for scale, we can estimate the complex sugars from the fries at approximately 150 grams.

### Proteins (g):

*   There is no visible protein source directly in this meal image.
*   However, since it's a complete meal, we might assume some form of protein was consumed, such as meat or fish with the fries. Given the absence of clear visibility and assuming minimal portion size for simplicity, let's estimate proteins at 30 grams.

### Fats (g):

*   The presence of fries indicates that this meal contains fats.
*   Considering the serving size and the addition of what appears to be a cheesy sauce on top of the fries, we can reasonably estimate the fat content at about 40 grams.

### Dietary Fibers (g):

*   While there are no visible vegetables in the main course, some dietary fiber likely comes from the potatoes themselves.
*   Given the minimal focus on whole foods and the lack of visible vegetables, it's challenging to accurately estimate dietary fibers. However, assuming a moderate amount due to the presence of some vegetable matter (likely in the sauce), we can estimate at 10 grams.

### Weight (g):

*   Combining our estimates for each component: 
    *   Simple sugars: 50 grams
    *   Complex sugars: 150 grams
    *   Proteins: 30 grams
    *   Fats: 40 grams
    *   Dietary fibers: 10 grams

Total estimated weight = 50 + 150 + 30 + 40 + 10 = 280 grams.

**Nutritional Breakdown and Weight Estimate:**

- Simple sugars (g): 50
- Complex sugars (g): 150
- Proteins (g): 30
- Fats (g): 40
- Dietary fibers (g): 10 
- Weight (g): 280

**Explanation:** The meal consists primarily of fries, which are high in complex carbohydrates and fats. The presence of a dessert or sweet side dish contributes to simple sugars. Given the absence of clear protein sources and minimal focus on whole foods, we've made conservative estimates for proteins and dietary fibers. The total weight estimate is based on these components."
005.jpg,2014:10:03 14:14:58,10.0,20.0,15.0,25.0,5.0,350.0,"Based on the provided image, here is my assessment of the meal's nutritional content:

- Simple sugars (g): 10
- Complex sugars (g): 20
- Proteins (g): 15
- Fats (g): 25
- Dietary fibers (g): 5
- Weight (g): 350

Explanation: The meal consists of fried fish and potatoes, which are high in fats and complex carbohydrates. The fish provides a moderate amount of protein, while the potatoes contribute to the complex sugar content. There is no visible evidence of simple sugars or dietary fibers in the image. The approximate weight of the meal can be estimated using the size of the plate and the portions of food on it, assuming an average adult serving size."
006.jpg,2014:10:03 20:33:41,0.0,0.0,15.0,25.0,0.0,250.0,"To accurately gauge the nutritional content of this meal, we must first identify its components. Based on the image provided, it appears to be a slice of pizza accompanied by a small serving of what seems to be garlic bread or a roll.

**Nutritional Breakdown:**

* **Simple Sugars (g): 20**
	+ The pizza crust is likely made with refined flour, which contains simple sugars. However, the exact amount cannot be determined without knowing the type and quantity of toppings.
* **Complex Sugars (g): 30**
	+ The pizza sauce, cheese, and various toppings contribute to this estimate. Note that complex carbohydrates are not as prevalent in a single slice of pizza compared to other foods like bread or pasta dishes.
* **Proteins (g): 15**
	+ The cheese and possibly some meats on the pizza provide protein content. However, without knowing the specific ingredients used, it's challenging to give an exact measurement.
* **Fats (g): 25**
	+ The cheese, meat, and potentially other toppings contribute significantly to the fat content of this meal.
* **Dietary Fibers (g): 5**
	+ Given the composition of the pizza, dietary fibers are minimal. If whole-wheat crust or certain vegetables were used as toppings, the fiber content could be slightly higher but is unlikely to exceed 10 grams for a single slice.
* **Weight (g): 250-300**
	+ A standard slice of pizza can range from about 100 to over 200 grams, depending on its size and ingredients. The addition of a small serving of garlic bread or roll increases the overall weight but remains within the estimated range.

**Conclusion:**

The nutritional breakdown for this meal is an estimate based on common components found in such dishes. However, actual values may vary widely depending on specific ingredients used and their quantities."
007.jpg,2014:10:04 12:16:26,80.0,30.0,30.0,35.0,7.0,1300.0,"To accurately estimate the nutritional content of the meal, we must first analyze its components and their sizes.

**Meal Components:**

* Pizza
* Coca-Cola (cola)

**Size Estimates:**

* The pizza is approximately 30 cm in diameter.
* The cola is about 330 ml in volume.

**Nutritional Analysis:**

### Simple Sugars

The primary source of simple sugars comes from the tomato sauce and cheese on the pizza, as well as the cola. Given these components, we estimate:

* Tomato sauce contributes significantly to simple sugars due to its high sugar content.
* Cheese also adds a considerable amount of simple sugars.
* The cola is another major contributor.

**Estimated Simple Sugars:** 80g

### Complex Sugars

The pizza's crust and toppings (such as vegetables) contribute complex sugars. However, since the crust is likely refined, its contribution to complex sugars will be lower than if it were whole grain. Nonetheless, we estimate:

* Crust: 20g
* Toppings: 10g
* Total Complex Sugars: 30g

### Proteins

Proteins come from the cheese and possibly some meat or vegetable toppings on the pizza.

* Cheese: 25g
* Meat/vegetable toppings: 5g
* Total Proteins: 30g

### Fats

Fats are found in the cheese, tomato sauce, and possibly other toppings like meats or vegetables.

* Cheese: 20g
* Tomato sauce: 10g
* Other toppings: 5g
* Total Fats: 35g

### Dietary Fibers

Dietary fibers come primarily from the crust (if whole grain) and vegetable toppings.

* Whole grain crust: 5g
* Vegetable toppings: 2g
* Total Dietary Fibers: 7g

**Weight**

The total weight of the meal is estimated by adding the weights of its components. Assuming an average density for these foods:

* Pizza (approx. 30 cm diameter): 1000g
* Coca-Cola (330 ml): 300g
* Total Weight: 1300g

**Conclusion**

Given the provided information and estimates, our assessment is as follows:

- Simple sugars (g): 80
- Complex sugars (g): 30
- Proteins (g): 30
- Fats (g): 35
- Dietary fibers (g): 7 
- Weight (g): 1300

**Explanation**

This meal's nutritional profile is high in simple sugars due to the tomato sauce and cola, moderate in complex sugars from the crust and some toppings, adequate in proteins from cheese and possibly other toppings, high in fats from cheese and tomato sauce, and low in dietary fibers. The total weight of approximately 1300g reflects a substantial serving size."
008.jpg,2014:10:04 20:11:45,15.0,65.0,23.0,7.0,3.0,125.0,"To accurately assess the nutritional content of this meal, we will analyze each component separately.

**Step 1: Simple Sugars (g)**

*   The meal consists of rice and ham, with no visible sweet ingredients.
*   Estimate simple sugars based on common foods that contribute to this category:
    *   Rice: approximately 15 grams per serving
    *   Ham: negligible contribution to simple sugars
*   Total simple sugars estimated at 15 grams

**Step 2: Complex Sugars (g)**

*   The meal contains rice, which is a source of complex carbohydrates.
*   Estimate complex sugars based on common foods that contribute to this category:
    *   Rice: approximately 60-70 grams per serving
*   Total complex sugars estimated at 65 grams

**Step 3: Proteins (g)**

*   The meal consists of ham, which is a protein-rich food.
*   Estimate proteins based on common foods that contribute to this category:
    *   Ham: approximately 20-25 grams per serving
*   Total proteins estimated at 23 grams

**Step 4: Fats (g)**

*   The meal contains rice and ham, with no visible fatty ingredients.
*   Estimate fats based on common foods that contribute to this category:
    *   Rice: negligible contribution to fats
    *   Ham: approximately 5-10 grams per serving
*   Total fats estimated at 7.5 grams

**Step 5: Dietary Fibers (g)**

*   The meal consists of rice and ham, with no visible fiber-rich ingredients.
*   Estimate dietary fibers based on common foods that contribute to this category:
    *   Rice: approximately 3-4 grams per serving
    *   Ham: negligible contribution to dietary fibers
*   Total dietary fibers estimated at 3.5 grams

**Step 6: Weight (g)**

To estimate the weight of the meal, we need to know its size and composition.

*   The coin is approximately 23 mm in diameter.
*   Based on the coin's size, estimate the plate's diameter at around 25-30 cm.
*   Assume a serving size of about 100-150 grams per person for this type of meal.
*   Weight estimated at 125 grams

**Conclusion:**

Based on the analysis above, here is the estimated nutritional content of the meal:

Simple sugars (g): 15
Complex sugars (g): 65
Proteins (g): 23
Fats (g): 7.5
Dietary fibers (g): 3.5
Weight (g): 125

Explanation: The meal consists of rice and ham, with a moderate amount of complex carbohydrates from the rice and some protein from the ham. There are negligible amounts of simple sugars, fats, and dietary fibers in this meal. The weight is estimated based on the size of the plate and serving size assumptions."
